ABANCAY;ABANCAY;1
CHACOCHE;ABANCAY;1
CIRCA;ABANCAY;1
CURAHUASI;ABANCAY;1
HUANIPACA;ABANCAY;1
LAMBRAMA;ABANCAY;1
PICHIRHUA;ABANCAY;1
SAN PEDRO DE CACHORA;ABANCAY;1
TAMBURCO;ABANCAY;1
ANDABAMBA;ACOBAMBA;1
ANTA;ACOBAMBA;1
CAJA;ACOBAMBA;1
POMACOCHA;ACOBAMBA;1
ROSARIO;ACOBAMBA;1
ACOMAYO;ACOMAYO;1
ACOPIA;ACOMAYO;1
ACOS;ACOMAYO;1
MOSOC LLACTA;ACOMAYO;1
POMACANCHI;ACOMAYO;1
RONDOCAN;ACOMAYO;1
SANGARARA;ACOMAYO;1
AIJA;AIJA;1
CORIS;AIJA;1
HUACLLAN;AIJA;1
LA MERCED;AIJA;1
SUCCHA;AIJA;1
BALSAPUERTO;ALTO AMAZONAS;1
JEBEROS;ALTO AMAZONAS;1
LAGUNAS;ALTO AMAZONAS;1
SANTA CRUZ;ALTO AMAZONAS;1
TENIENTE CESAR LOPEZ ROJAS;ALTO AMAZONAS;1
YURIMAGUAS;ALTO AMAZONAS;1
AMBO;AMBO;1
CAYNA;AMBO;1
COLPAS;AMBO;1
CONCHAMARCA;AMBO;1
HUACAR;AMBO;1
SAN FRANCISCO;AMBO;1
SAN RAFAEL;AMBO;1
TOMAY KICHWA;AMBO;1
ANDAHUAYLAS;ANDAHUAYLAS;1
ANDARAPA;ANDAHUAYLAS;1
CHIARA;ANDAHUAYLAS;1
HUANCARAY;ANDAHUAYLAS;1
HUAYANA;ANDAHUAYLAS;1
JOSE MARIA ARGUEDAS;ANDAHUAYLAS;1
KAQUIABAMBA;ANDAHUAYLAS;1
KISHUARA;ANDAHUAYLAS;1
PACOBAMBA;ANDAHUAYLAS;1
PAMPACHIRI;ANDAHUAYLAS;1
POMACOCHA;ANDAHUAYLAS;1
SAN ANTONIO DE CACHI;ANDAHUAYLAS;1
SAN MIGUEL DE CHACCRAMPA;ANDAHUAYLAS;1
SANTA MARIA DE CHICMO;ANDAHUAYLAS;1
TALAVERA;ANDAHUAYLAS;1
TUMAY HUARACA;ANDAHUAYLAS;1
TURPO;ANDAHUAYLAS;1
ANCHONGA;ANGARAES;1
CALLANMARCA;ANGARAES;1
CCOCHACCASA;ANGARAES;1
CHINCHO;ANGARAES;1
CONGALLA;ANGARAES;1
HUANCA-HUANCA;ANGARAES;1
HUAYLLAY GRANDE;ANGARAES;1
JULCAMARCA;ANGARAES;1
LIRCAY;ANGARAES;1
SAN ANTONIO DE ANTAPARCO;ANGARAES;1
SANTO TOMAS DE PATA;ANGARAES;1
SECCLLA;ANGARAES;1
ANCAHUASI;ANTA;1
ANTA;ANTA;1
CACHIMAYO;ANTA;1
CHINCHAYPUJIO;ANTA;1
LIMATAMBO;ANTA;1
MOLLEPATA;ANTA;1
PUCYURA;ANTA;1
ZURITE;ANTA;1
ANTABAMBA;ANTABAMBA;1
EL ORO;ANTABAMBA;1
HUAQUIRCA;ANTABAMBA;1
JUAN ESPINOZA MEDRANO;ANTABAMBA;1
OROPESA;ANTABAMBA;1
PACHACONAS;ANTABAMBA;1
SABAINO;ANTABAMBA;1
ACZO;ANTONIO RAYMONDI;1
CHACCHO;ANTONIO RAYMONDI;1
LLAMELLIN;ANTONIO RAYMONDI;1
MIRGAS;ANTONIO RAYMONDI;1
SAN JUAN DE RONTOY;ANTONIO RAYMONDI;1
ALTO SELVA ALEGRE;AREQUIPA;1
AREQUIPA;AREQUIPA;1
CAYMA;AREQUIPA;1
CHARACATO;AREQUIPA;1
CHIGUATA;AREQUIPA;1
JACOBO HUNTER;AREQUIPA;1
JOSE LUIS BUSTAMANTE Y RIVERO;AREQUIPA;1
LA JOYA;AREQUIPA;1
MARIANO MELGAR;AREQUIPA;1
MIRAFLORES;AREQUIPA;1
MOLLEBAYA;AREQUIPA;1
PAUCARPATA;AREQUIPA;1
POCSI;AREQUIPA;1
POLOBAYA;AREQUIPA;1
QUEQUE??;AREQUIPA;1
SABANDIA;AREQUIPA;1
SACHACA;AREQUIPA;1
SAN JUAN DE SIGUAS;AREQUIPA;1
SAN JUAN DE TARUCANI;AREQUIPA;1
SANTA ISABEL DE SIGUAS;AREQUIPA;1
SANTA RITA DE SIGUAS;AREQUIPA;1
SOCABAYA;AREQUIPA;1
TIABAYA;AREQUIPA;1
VITOR;AREQUIPA;1
YANAHUARA;AREQUIPA;1
YARABAMBA;AREQUIPA;1
YURA;AREQUIPA;1
ASCOPE;ASCOPE;1
CASA GRANDE;ASCOPE;1
CHICAMA;ASCOPE;1
CHOCOPE;ASCOPE;1
MAGDALENA DE CAO;ASCOPE;1
PAIJAN;ASCOPE;1
RAZURI;ASCOPE;1
SANTIAGO DE CAO;ASCOPE;1
ACOCHACA;ASUNCION;1
CHACAS;ASUNCION;1
RAYMONDI;ATALAYA;1
SEPAHUA;ATALAYA;1
TAHUANIA;ATALAYA;1
YURUA;ATALAYA;1
AYABACA;AYABACA;1
FRIAS;AYABACA;1
JILILI;AYABACA;1
LAGUNAS;AYABACA;1
MONTERO;AYABACA;1
PACAIPAMPA;AYABACA;1
PAIMAS;AYABACA;1
SAPILLICA;AYABACA;1
SICCHEZ;AYABACA;1
SUYO;AYABACA;1
CAPAYA;AYMARAES;1
CARAYBAMBA;AYMARAES;1
CHALHUANCA;AYMARAES;1
CHAPIMARCA;AYMARAES;1
COLCABAMBA;AYMARAES;1
COTARUSE;AYMARAES;1
IHUAYLLO;AYMARAES;1
JUSTO APU SAHUARAURA;AYMARAES;1
LUCRE;AYMARAES;1
POCOHUANCA;AYMARAES;1
SA???AY;AYMARAES;1
SAN JUAN DE CHAC??;AYMARAES;1
SORAYA;AYMARAES;1
TAPAIRIHUA;AYMARAES;1
TINTAY;AYMARAES;1
TORAYA;AYMARAES;1
YANACA;AYMARAES;1
ACHAYA;AZANGARO;1
ARAPA;AZANGARO;1
ASILLO;AZANGARO;1
AZANGARO;AZANGARO;1
CAMINACA;AZANGARO;1
CHUPA;AZANGARO;1
JOSE DOMINGO CHOQUEHUANCA;AZANGARO;1
MU???A;AZANGARO;1
POTONI;AZANGARO;1
SAMAN;AZANGARO;1
SAN JOSE;AZANGARO;1
SAN JUAN DE SALINAS;AZANGARO;1
SANTIAGO DE PUPUJA;AZANGARO;1
TIRAPATA;AZANGARO;1
ARAMANGO;BAGUA;1
BAGUA;BAGUA;1
COPALLIN;BAGUA;1
EL PARCO;BAGUA;1
LA PECA;BAGUA;1
BARRANCA;BARRANCA;1
PARAMONGA;BARRANCA;1
SUPE;BARRANCA;1
SUPE PUERTO;BARRANCA;1
ALTO BIAVO;BELLAVISTA;1
BAJO BIAVO;BELLAVISTA;1
BELLAVISTA;BELLAVISTA;1
HUALLAGA;BELLAVISTA;1
SAN PABLO;BELLAVISTA;1
SAN RAFAEL;BELLAVISTA;1
BAMBAMARCA;BOLIVAR;1
BOLIVAR;BOLIVAR;1
CONDORMARCA;BOLIVAR;1
LONGOTEA;BOLIVAR;1
UCHUMARCA;BOLIVAR;1
UCUNCHA;BOLIVAR;1
ABELARDO PARDO LEZAMETA;BOLOGNESI;1
ANTONIO RAYMONDI;BOLOGNESI;1
AQUIA;BOLOGNESI;1
CAJACAY;BOLOGNESI;1
CANIS;BOLOGNESI;1
CHIQUIAN;BOLOGNESI;1
COLQUIOC;BOLOGNESI;1
HUALLANCA;BOLOGNESI;1
HUASTA;BOLOGNESI;1
HUAYLLACAYAN;BOLOGNESI;1
LA PRIMAVERA;BOLOGNESI;1
MANGAS;BOLOGNESI;1
PACLLON;BOLOGNESI;1
SAN MIGUEL DE CORPANQUI;BOLOGNESI;1
TICLLOS;BOLOGNESI;1
CHISQUILLA;BONGARA;1
CHURUJA;BONGARA;1
COROSHA;BONGARA;1
CUISPES;BONGARA;1
FLORIDA;BONGARA;1
JAZAN;BONGARA;1
JUMBILLA;BONGARA;1
SAN CARLOS;BONGARA;1
SHIPASBAMBA;BONGARA;1
VALERA;BONGARA;1
YAMBRASBAMBA;BONGARA;1
ASIA;CA???E;1
CALANGO;CA???E;1
CERRO AZUL;CA???E;1
CHILCA;CA???E;1
COAYLLO;CA???E;1
IMPERIAL;CA???E;1
LUNAHUANA;CA???E;1
MALA;CA???E;1
NUEVO IMPERIAL;CA???E;1
PACARAN;CA???E;1
QUILMANA;CA???E;1
SAN ANTONIO;CA???E;1
SAN LUIS;CA???E;1
SAN VICENTE DE CA???E;CA???E;1
SANTA CRUZ DE FLORES;CA???E;1
ZU???I;CA???E;1
CACHACHI;CAJABAMBA;1
CAJABAMBA;CAJABAMBA;1
CONDEBAMBA;CAJABAMBA;1
SITACOCHA;CAJABAMBA;1
ASUNCION;CAJAMARCA;1
CHETILLA;CAJAMARCA;1
COSPAN;CAJAMARCA;1
ENCA???A;CAJAMARCA;1
LLACANORA;CAJAMARCA;1
LOS BA???OS DEL IN;CAJAMARCA;1
MAGDALENA;CAJAMARCA;1
MATARA;CAJAMARCA;1
NAMORA;CAJAMARCA;1
SAN JUAN;CAJAMARCA;1
CAJATAMBO;CAJATAMBO;1
COPA;CAJATAMBO;1
GORGOR;CAJATAMBO;1
HUANCAPON;CAJATAMBO;1
MANAS;CAJATAMBO;1
CALCA;CALCA;1
LAMAY;CALCA;1
LARES;CALCA;1
PISAC;CALCA;1
SAN SALVADOR;CALCA;1
TARAY;CALCA;1
BELLAVISTA;CALLAO;1
CALLAO;CALLAO;1
CARMEN DE LA LEGUA REYNOSO;CALLAO;1
LA PERLA;CALLAO;1
LA PUNTA;CALLAO;1
VENTANILLA;CALLAO;1
CAMANA;CAMANA;1
JOSE MARIA QUIMPER;CAMANA;1
MARIANO NICOLAS VALCARCEL;CAMANA;1
MARISCAL CACERES;CAMANA;1
NICOLAS DE PIEROLA;CAMANA;1
OCO??;CAMANA;1
QUILCA;CAMANA;1
SAMUEL PASTOR;CAMANA;1
CHECCA;CANAS;1
KUNTURKANKI;CANAS;1
LANGUI;CANAS;1
PAMPAMARCA;CANAS;1
QUEHUE;CANAS;1
TUPAC AMARU;CANAS;1
YANAOCA;CANAS;1
CHECACUPE;CANCHIS;1
COMBAPATA;CANCHIS;1
MARANGANI;CANCHIS;1
PITUMARCA;CANCHIS;1
SAN PABLO;CANCHIS;1
SAN PEDRO;CANCHIS;1
SICUANI;CANCHIS;1
TINTA;CANCHIS;1
CAIRANI;CANDARAVE;1
CAMILACA;CANDARAVE;1
CANDARAVE;CANDARAVE;1
CURIBAYA;CANDARAVE;1
HUANUARA;CANDARAVE;1
QUILAHUANI;CANDARAVE;1
CANGALLO;CANGALLO;1
CHUSCHI;CANGALLO;1
LOS MOROCHUCOS;CANGALLO;1
MARIA PARADO DE BELLIDO;CANGALLO;1
PARAS;CANGALLO;1
TOTOS;CANGALLO;1
ARAHUAY;CANTA;1
CANTA;CANTA;1
HUAMANTANGA;CANTA;1
HUAROS;CANTA;1
LACHAQUI;CANTA;1
SAN BUENAVENTURA;CANTA;1
SANTA ROSA DE QUIVES;CANTA;1
AJOYANI;CARABAYA;1
AYAPATA;CARABAYA;1
COASA;CARABAYA;1
CORANI;CARABAYA;1
CRUCERO;CARABAYA;1
ITUATA;CARABAYA;1
MACUSANI;CARABAYA;1
OLLACHEA;CARABAYA;1
SAN GABAN;CARABAYA;1
USICAYOS;CARABAYA;1
ACARI;CARAVELI;1
ATICO;CARAVELI;1
ATIQUIPA;CARAVELI;1
BELLA UNION;CARAVELI;1
CAHUACHO;CARAVELI;1
CARAVELI;CARAVELI;1
CHALA;CARAVELI;1
CHAPARRA;CARAVELI;1
HUANUHUANU;CARAVELI;1
JAQUI;CARAVELI;1
LOMAS;CARAVELI;1
QUICACHA;CARAVELI;1
YAUCA;CARAVELI;1
ACOPAMPA;CARHUAZ;1
AMASHCA;CARHUAZ;1
ANTA;CARHUAZ;1
ATAQUERO;CARHUAZ;1
CARHUAZ;CARHUAZ;1
MARCARA;CARHUAZ;1
PARIAHUANCA;CARHUAZ;1
SAN MIGUEL DE ACO;CARHUAZ;1
SHILLA;CARHUAZ;1
TINCO;CARHUAZ;1
SAN LUIS;CARLOS FERMIN FITZCARRALD;1
SAN NICOLAS;CARLOS FERMIN FITZCARRALD;1
YAUYA;CARLOS FERMIN FITZCARRALD;1
BUENA VISTA ALTA;CASMA;1
CASMA;CASMA;1
COMANDANTE NOEL;CASMA;1
ANDAGUA;CASTILLA;1
APLAO;CASTILLA;1
AYO;CASTILLA;1
CHACHAS;CASTILLA;1
CHILCAYMARCA;CASTILLA;1
CHOCO;CASTILLA;1
HUANCARQUI;CASTILLA;1
MACHAGUAY;CASTILLA;1
ORCOPAMPA;CASTILLA;1
PAMPACOLCA;CASTILLA;1
TIPAN;CASTILLA;1
U???;CASTILLA;1
URACA;CASTILLA;1
VIRACO;CASTILLA;1
ARMA;CASTROVIRREYNA;1
AURAHUA;CASTROVIRREYNA;1
CAPILLAS;CASTROVIRREYNA;1
CHUPAMARCA;CASTROVIRREYNA;1
COCAS;CASTROVIRREYNA;1
HUACHOS;CASTROVIRREYNA;1
HUAMATAMBO;CASTROVIRREYNA;1
MOLLEPAMPA;CASTROVIRREYNA;1
SAN JUAN;CASTROVIRREYNA;1
SANTA ANA;CASTROVIRREYNA;1
TANTARA;CASTROVIRREYNA;1
TICRAPO;CASTROVIRREYNA;1
ACHOMA;CAYLLOMA;1
CABANACONDE;CAYLLOMA;1
CALLALLI;CAYLLOMA;1
CAYLLOMA;CAYLLOMA;1
CHIVAY;CAYLLOMA;1
COPORAQUE;CAYLLOMA;1
HUAMBO;CAYLLOMA;1
HUANCA;CAYLLOMA;1
ICHUPAMPA;CAYLLOMA;1
LARI;CAYLLOMA;1
LLUTA;CAYLLOMA;1
MACA;CAYLLOMA;1
MADRIGAL;CAYLLOMA;1
MAJES;CAYLLOMA;1
SAN ANTONIO DE CHUCA;CAYLLOMA;1
SIBAYO;CAYLLOMA;1
TAPAY;CAYLLOMA;1
TISCO;CAYLLOMA;1
TUTI;CAYLLOMA;1
YANQUE;CAYLLOMA;1
CELENDIN;CELENDIN;1
CHUMUCH;CELENDIN;1
CORTEGANA;CELENDIN;1
HUASMIN;CELENDIN;1
JORGE CHAVEZ;CELENDIN;1
JOSE GALVEZ;CELENDIN;1
LA LIBERTAD DE PALLAN;CELENDIN;1
MIGUEL IGLESIAS;CELENDIN;1
OXAMARCA;CELENDIN;1
SOROCHUCO;CELENDIN;1
SUCRE;CELENDIN;1
UTCO;CELENDIN;1
ASUNCION;CHACHAPOYAS;1
BALSAS;CHACHAPOYAS;1
CHACHAPOYAS;CHACHAPOYAS;1
CHETO;CHACHAPOYAS;1
CHILIQUIN;CHACHAPOYAS;1
CHUQUIBAMBA;CHACHAPOYAS;1
HUANCAS;CHACHAPOYAS;1
LA JALCA;CHACHAPOYAS;1
LEIMEBAMBA;CHACHAPOYAS;1
LEVANTO;CHACHAPOYAS;1
MAGDALENA;CHACHAPOYAS;1
MARISCAL CASTILLA;CHACHAPOYAS;1
MOLINOPAMPA;CHACHAPOYAS;1
MONTEVIDEO;CHACHAPOYAS;1
OLLEROS;CHACHAPOYAS;1
QUINJALCA;CHACHAPOYAS;1
SAN FRANCISCO DE DAGUAS;CHACHAPOYAS;1
SAN ISIDRO DE MAINO;CHACHAPOYAS;1
SOLOCO;CHACHAPOYAS;1
SONCHE;CHACHAPOYAS;1
CHANCHAMAYO;CHANCHAMAYO;1
PERENE;CHANCHAMAYO;1
PICHANAQUI;CHANCHAMAYO;1
SAN LUIS DE SHUARO;CHANCHAMAYO;1
SAN RAMON;CHANCHAMAYO;1
VITOC;CHANCHAMAYO;1
CHEPEN;CHEPEN;1
PACANGA;CHEPEN;1
PUEBLO NUEVO;CHEPEN;1
CAYALTI;CHICLAYO;1
CHICLAYO;CHICLAYO;1
CHONGOYAPE;CHICLAYO;1
ETEN;CHICLAYO;1
ETEN PUERTO;CHICLAYO;1
JOSE LEONARDO ORTIZ;CHICLAYO;1
LA VICTORIA;CHICLAYO;1
LAGUNAS;CHICLAYO;1
MONSEFU;CHICLAYO;1
NUEVA ARICA;CHICLAYO;1
OYOTUN;CHICLAYO;1
PATAPO;CHICLAYO;1
PICSI;CHICLAYO;1
PIMENTEL;CHICLAYO;1
POMALCA;CHICLAYO;1
PUCALA;CHICLAYO;1
REQUE;CHICLAYO;1
SA??;CHICLAYO;1
SANTA ROSA;CHICLAYO;1
TUMAN;CHICLAYO;1
ALTO LARAN;CHINCHA;1
CHAVIN;CHINCHA;1
CHINCHA ALTA;CHINCHA;1
CHINCHA BAJA;CHINCHA;1
EL CARMEN;CHINCHA;1
GROCIO PRADO;CHINCHA;1
PUEBLO NUEVO;CHINCHA;1
SAN JUAN DE YANAC;CHINCHA;1
SAN PEDRO DE HUACARPANA;CHINCHA;1
SUNAMPE;CHINCHA;1
TAMBO DE MORA;CHINCHA;1
AHUAYRO;CHINCHEROS;1
ANCO_HUALLO;CHINCHEROS;1
CHINCHEROS;CHINCHEROS;1
COCHARCAS;CHINCHEROS;1
EL PORVENIR;CHINCHEROS;1
HUACCANA;CHINCHEROS;1
LOS CHANKAS;CHINCHEROS;1
OCOBAMBA;CHINCHEROS;1
ONGOY;CHINCHEROS;1
RANRACANCHA;CHINCHEROS;1
ROCCHACC;CHINCHEROS;1
URANMARCA;CHINCHEROS;1
ANGUIA;CHOTA;1
CHADIN;CHOTA;1
CHALAMARCA;CHOTA;1
CHIGUIRIP;CHOTA;1
CHIMBAN;CHOTA;1
CHOROPAMPA;CHOTA;1
CHOTA;CHOTA;1
COCHABAMBA;CHOTA;1
CONCHAN;CHOTA;1
HUAMBOS;CHOTA;1
LAJAS;CHOTA;1
LLAMA;CHOTA;1
MIRACOSTA;CHOTA;1
PACCHA;CHOTA;1
PION;CHOTA;1
QUEROCOTO;CHOTA;1
SAN JUAN DE LICUPIS;CHOTA;1
TOCMOCHE;CHOTA;1
HUACULLANI;CHUCUITO;1
JULI;CHUCUITO;1
KELLUYO;CHUCUITO;1
PISACOMA;CHUCUITO;1
POMATA;CHUCUITO;1
ZEPITA;CHUCUITO;1
CAPACMARCA;CHUMBIVILCAS;1
CHAMACA;CHUMBIVILCAS;1
COLQUEMARCA;CHUMBIVILCAS;1
LIVITACA;CHUMBIVILCAS;1
LLUSCO;CHUMBIVILCAS;1
QUI???O;CHUMBIVILCAS;1
SANTO TOMAS;CHUMBIVILCAS;1
VELILLE;CHUMBIVILCAS;1
AHUAC;CHUPACA;1
CHONGOS BAJO;CHUPACA;1
CHUPACA;CHUPACA;1
HUACHAC;CHUPACA;1
HUAMANCACA CHICO;CHUPACA;1
SAN JUAN DE ISCOS;CHUPACA;1
TRES DE DICIEMBRE;CHUPACA;1
ANCO;CHURCAMPA;1
CHINCHIHUASI;CHURCAMPA;1
CHURCAMPA;CHURCAMPA;1
COSME;CHURCAMPA;1
EL CARMEN;CHURCAMPA;1
LA MERCED;CHURCAMPA;1
LOCROJA;CHURCAMPA;1
PACHAMARCA;CHURCAMPA;1
PAUCARBAMBA;CHURCAMPA;1
SAN MIGUEL DE MAYOCC;CHURCAMPA;1
SAN PEDRO DE CORIS;CHURCAMPA;1
ANDAMARCA;CONCEPCION;1
CHAMBARA;CONCEPCION;1
COCHAS;CONCEPCION;1
COMAS;CONCEPCION;1
CONCEPCION;CONCEPCION;1
HEROINAS TOLEDO;CONCEPCION;1
MANZANARES;CONCEPCION;1
MARISCAL CASTILLA;CONCEPCION;1
MATAHUASI;CONCEPCION;1
MITO;CONCEPCION;1
NUEVE DE JULIO;CONCEPCION;1
ORCOTUNA;CONCEPCION;1
SAN JOSE DE QUERO;CONCEPCION;1
SANTA ROSA DE OCOPA;CONCEPCION;1
ANDARAY;CONDESUYOS;1
CAYARANI;CONDESUYOS;1
CHICHAS;CONDESUYOS;1
CHUQUIBAMBA;CONDESUYOS;1
IRAY;CONDESUYOS;1
RIO GRANDE;CONDESUYOS;1
SALAMANCA;CONDESUYOS;1
YANAQUIHUA;CONDESUYOS;1
EL CENEPA;CONDORCANQUI;1
NIEVA;CONDORCANQUI;1
RIO SANTIAGO;CONDORCANQUI;1
CANOAS DE PUNTA SAL;CONTRALMIRANTE VILLAR;1
CASITAS;CONTRALMIRANTE VILLAR;1
ZORRITOS;CONTRALMIRANTE VILLAR;1
CHILETE;CONTUMAZA;1
CONTUMAZA;CONTUMAZA;1
CUPISNIQUE;CONTUMAZA;1
GUZMANGO;CONTUMAZA;1
SAN BENITO;CONTUMAZA;1
SANTA CRUZ DE TOLED;CONTUMAZA;1
TANTARICA;CONTUMAZA;1
YONAN;CONTUMAZA;1
CALLERIA;CORONEL PORTILLO;1
CAMPOVERDE;CORONEL PORTILLO;1
IPARIA;CORONEL PORTILLO;1
MANANTAY;CORONEL PORTILLO;1
MASISEA;CORONEL PORTILLO;1
NUEVA REQUENA;CORONEL PORTILLO;1
YARINACOCHA;CORONEL PORTILLO;1
ACO;CORONGO;1
BAMBAS;CORONGO;1
CORONGO;CORONGO;1
CUSCA;CORONGO;1
YANAC;CORONGO;1
YUPAN;CORONGO;1
CHALLHUAHUACHO;COTABAMBAS;1
COTABAMBAS;COTABAMBAS;1
COYLLURQUI;COTABAMBAS;1
HAQUIRA;COTABAMBAS;1
MARA;COTABAMBAS;1
TAMBOBAMBA;COTABAMBAS;1
CCORCA;CUSCO;1
POROY;CUSCO;1
SAN JERONIMO;CUSCO;1
SANTIAGO;CUSCO;1
SAYLLA;CUSCO;1
WANCHAQ;CUSCO;1
CALLAYUC;CUTERVO;1
CHOROS;CUTERVO;1
CUJILLO;CUTERVO;1
CUTERVO;CUTERVO;1
LA RAMADA;CUTERVO;1
PIMPINGOS;CUTERVO;1
QUEROCOTILLO;CUTERVO;1
SAN ANDRES DE CUTERVO;CUTERVO;1
SAN JUAN DE CUTERVO;CUTERVO;1
SAN LUIS DE LUCMA;CUTERVO;1
SANTA CRUZ;CUTERVO;1
SANTO DOMINGO DE LA CAPILLA;CUTERVO;1
SANTO TOMAS;CUTERVO;1
SOCOTA;CUTERVO;1
TORIBIO CASANOVA;CUTERVO;1
CHACAYAN;DANIEL ALCIDES CARRION;1
GOYLLARISQUIZGA;DANIEL ALCIDES CARRION;1
PAUCAR;DANIEL ALCIDES CARRION;1
SAN PEDRO DE PILLAO;DANIEL ALCIDES CARRION;1
SANTA ANA DE TUSI;DANIEL ALCIDES CARRION;1
TAPUC;DANIEL ALCIDES CARRION;1
VILCABAMBA;DANIEL ALCIDES CARRION;1
YANAHUANCA;DANIEL ALCIDES CARRION;1
ANDOAS;DATEM DEL MARA???;1
BARRANCA;DATEM DEL MARA???;1
CAHUAPANAS;DATEM DEL MARA???;1
MANSERICHE;DATEM DEL MARA???;1
MORONA;DATEM DEL MARA???;1
PASTAZA;DATEM DEL MARA???;1
CHUQUIS;DOS DE MAYO;1
LA UNION;DOS DE MAYO;1
MARIAS;DOS DE MAYO;1
PACHAS;DOS DE MAYO;1
QUIVILLA;DOS DE MAYO;1
RIPAN;DOS DE MAYO;1
SHUNQUI;DOS DE MAYO;1
SILLAPATA;DOS DE MAYO;1
YANAS;DOS DE MAYO;1
CAPAZO;EL COLLAO;1
CONDURIRI;EL COLLAO;1
ILAVE;EL COLLAO;1
PILCUYO;EL COLLAO;1
SANTA ROSA;EL COLLAO;1
AGUA BLANCA;EL DORADO;1
SAN JOSE DE SISA;EL DORADO;1
SAN MARTIN;EL DORADO;1
SANTA ROSA;EL DORADO;1
SHATOJA;EL DORADO;1
ALTO PICHIGUA;ESPINAR;1
CONDOROMA;ESPINAR;1
COPORAQUE;ESPINAR;1
ESPINAR;ESPINAR;1
OCORURO;ESPINAR;1
PALLPATA;ESPINAR;1
PICHIGUA;ESPINAR;1
SUYCKUTAMBO;ESPINAR;1
CA???AR;FERRE???A;1
FERRE???A;FERRE???A;1
INCAHUASI;FERRE???A;1
MANUEL ANTONIO MESONES MURO;FERRE???A;1
PUEBLO NUEVO;FERRE???A;1
CHOJATA;GENERAL SANCHEZ CERRO;1
COALAQUE;GENERAL SANCHEZ CERRO;1
ICHU??;GENERAL SANCHEZ CERRO;1
LA CAPILLA;GENERAL SANCHEZ CERRO;1
LLOQUE;GENERAL SANCHEZ CERRO;1
MATALAQUE;GENERAL SANCHEZ CERRO;1
OMATE;GENERAL SANCHEZ CERRO;1
PUQUINA;GENERAL SANCHEZ CERRO;1
QUINISTAQUILLAS;GENERAL SANCHEZ CERRO;1
UBINAS;GENERAL SANCHEZ CERRO;1
YUNGA;GENERAL SANCHEZ CERRO;1
CASCAS;GRAN CHIMU;1
MARMOT;GRAN CHIMU;1
SAYAPULLO;GRAN CHIMU;1
CHUQUIBAMBILLA;GRAU;1
CURASCO;GRAU;1
CURPAHUASI;GRAU;1
GAMARRA;GRAU;1
HUAYLLATI;GRAU;1
MAMARA;GRAU;1
MICAELA BASTIDAS;GRAU;1
PATAYPAMPA;GRAU;1
SAN ANTONIO;GRAU;1
SANTA ROSA;GRAU;1
TURPAY;GRAU;1
VILCABAMBA;GRAU;1
VIRUNDO;GRAU;1
CANCHABAMBA;HUACAYBAMBA;1
COCHABAMBA;HUACAYBAMBA;1
HUACAYBAMBA;HUACAYBAMBA;1
PINRA;HUACAYBAMBA;1
BAMBAMARCA;HUALGAYOC;1
CHUGUR;HUALGAYOC;1
HUALGAYOC;HUALGAYOC;1
ALTO SAPOSOA;HUALLAGA;1
EL ESLABON;HUALLAGA;1
PISCOYACU;HUALLAGA;1
SACANCHE;HUALLAGA;1
SAPOSOA;HUALLAGA;1
TINGO DE SAPOSOA;HUALLAGA;1
CHAVIN DE PARIARCA;HUAMALIES;1
JACAS GRANDE;HUAMALIES;1
JIRCAN;HUAMALIES;1
LLATA;HUAMALIES;1
MIRAFLORES;HUAMALIES;1
MONZON;HUAMALIES;1
PU???;HUAMALIES;1
PUNCHAO;HUAMALIES;1
SINGA;HUAMALIES;1
TANTAMAYO;HUAMALIES;1
ACOCRO;HUAMANGA;1
ACOS VINCHOS;HUAMANGA;1
ANDRES AVELINO CACERES DORREGARAY;HUAMANGA;1
AYACUCHO;HUAMANGA;1
CARMEN ALTO;HUAMANGA;1
CHIARA;HUAMANGA;1
JESUS NAZARENO;HUAMANGA;1
OCROS;HUAMANGA;1
PACAYCASA;HUAMANGA;1
QUINUA;HUAMANGA;1
SAN JOSE DE TICLLAS;HUAMANGA;1
SAN JUAN BAUTISTA;HUAMANGA;1
SANTIAGO DE PISCHA;HUAMANGA;1
SOCOS;HUAMANGA;1
TAMBILLO;HUAMANGA;1
VINCHOS;HUAMANGA;1
CARAPO;HUANCA SANCOS;1
SACSAMARCA;HUANCA SANCOS;1
SANCOS;HUANCA SANCOS;1
CANCHAQUE;HUANCABAMBA;1
EL CARMEN DE LA FRONTERA;HUANCABAMBA;1
HUANCABAMBA;HUANCABAMBA;1
HUARMACA;HUANCABAMBA;1
LALAQUIZ;HUANCABAMBA;1
SAN MIGUEL DE EL FAIQUE;HUANCABAMBA;1
SONDOR;HUANCABAMBA;1
SONDORILLO;HUANCABAMBA;1
COJATA;HUANCANE;1
HUANCANE;HUANCANE;1
INCHUPALLA;HUANCANE;1
PUSI;HUANCANE;1
ROSASPATA;HUANCANE;1
TARACO;HUANCANE;1
VILQUE CHICO;HUANCANE;1
ACOBAMBILLA;HUANCAVELICA;1
ACORIA;HUANCAVELICA;1
ASCENSION;HUANCAVELICA;1
CONAYCA;HUANCAVELICA;1
CUENCA;HUANCAVELICA;1
HUACHOCOLPA;HUANCAVELICA;1
HUANCAVELICA;HUANCAVELICA;1
HUANDO;HUANCAVELICA;1
HUAYLLAHUARA;HUANCAVELICA;1
IZCUCHACA;HUANCAVELICA;1
LARIA;HUANCAVELICA;1
MANTA;HUANCAVELICA;1
MARISCAL CACERES;HUANCAVELICA;1
MOYA;HUANCAVELICA;1
NUEVO OCCORO;HUANCAVELICA;1
PALCA;HUANCAVELICA;1
PILCHACA;HUANCAVELICA;1
VILCA;HUANCAVELICA;1
YAULI;HUANCAVELICA;1
CARHUACALLANGA;HUANCAYO;1
CHACAPAMPA;HUANCAYO;1
CHICCHE;HUANCAYO;1
CHILCA;HUANCAYO;1
COLCA;HUANCAYO;1
CULLHUAS;HUANCAYO;1
EL TAMBO;HUANCAYO;1
HUACRAPUQUIO;HUANCAYO;1
HUALHUAS;HUANCAYO;1
HUANCAN;HUANCAYO;1
HUANCAYO;HUANCAYO;1
HUASICANCHA;HUANCAYO;1
HUAYUCACHI;HUANCAYO;1
INGENIO;HUANCAYO;1
PARIAHUANCA;HUANCAYO;1
PILCOMAYO;HUANCAYO;1
PUCARA;HUANCAYO;1
QUICHUAY;HUANCAYO;1
QUILCAS;HUANCAYO;1
SA??;HUANCAYO;1
SAN AGUSTIN;HUANCAYO;1
SAN JERONIMO DE TUNAN;HUANCAYO;1
SANTO DOMINGO DE ACOBAMBA;HUANCAYO;1
SAPALLANGA;HUANCAYO;1
SICAYA;HUANCAYO;1
AYAHUANCO;HUANTA;1
CANAYRE;HUANTA;1
CHACA;HUANTA;1
HUAMANGUILLA;HUANTA;1
HUANTA;HUANTA;1
IGUAIN;HUANTA;1
LLOCHEGUA;HUANTA;1
LURICOCHA;HUANTA;1
PUCACOLPA;HUANTA;1
PUTIS;HUANTA;1
SANTILLANA;HUANTA;1
SIVIA;HUANTA;1
UCHURACCAY;HUANTA;1
AMARILIS;HUANUCO;1
CHINCHAO;HUANUCO;1
CHURUBAMBA;HUANUCO;1
HUANUCO;HUANUCO;1
MARGOS;HUANUCO;1
PILLCO MARCA;HUANUCO;1
QUISQUI (KICHKI);HUANUCO;1
SAN FRANCISCO DE CAYRAN;HUANUCO;1
SAN PEDRO DE CHAULAN;HUANUCO;1
SANTA MARIA DEL VALLE;HUANUCO;1
YACUS;HUANUCO;1
YARUMAYO;HUANUCO;1
ATAVILLOS ALTO;HUARAL;1
ATAVILLOS BAJO;HUARAL;1
AUCALLAMA;HUARAL;1
CHANCAY;HUARAL;1
HUARAL;HUARAL;1
IHUARI;HUARAL;1
LAMPIAN;HUARAL;1
PACARAOS;HUARAL;1
SAN MIGUEL DE ACOS;HUARAL;1
SANTA CRUZ DE ANDAMARCA;HUARAL;1
SUMBILCA;HUARAL;1
VEINTISIETE DE NOVIEMBRE;HUARAL;1
COCHABAMBA;HUARAZ;1
COLCABAMBA;HUARAZ;1
HUANCHAY;HUARAZ;1
HUARAZ;HUARAZ;1
INDEPENDENCIA;HUARAZ;1
JANGAS;HUARAZ;1
LA LIBERTAD;HUARAZ;1
OLLEROS;HUARAZ;1
PAMPAS GRANDE;HUARAZ;1
PARIACOTO;HUARAZ;1
PIRA;HUARAZ;1
TARICA;HUARAZ;1
CAJAY;HUARI;1
HUACACHI;HUARI;1
HUACHIS;HUARI;1
PAUCAS;HUARI;1
PONTO;HUARI;1
RAHUAPAMPA;HUARI;1
RAPAYAN;HUARI;1
SAN MARCOS;HUARI;1
SAN PEDRO DE CHANA;HUARI;1
UCO;HUARI;1
COCHAPETI;HUARMEY;1
CULEBRAS;HUARMEY;1
HUARMEY;HUARMEY;1
HUAYAN;HUARMEY;1
MALVAS;HUARMEY;1
ANTIOQUIA;HUAROCHIRI;1
CALLAHUANCA;HUAROCHIRI;1
CARAMPOMA;HUAROCHIRI;1
CHICLA;HUAROCHIRI;1
CUENCA;HUAROCHIRI;1
HUACHUPAMPA;HUAROCHIRI;1
HUANZA;HUAROCHIRI;1
HUAROCHIRI;HUAROCHIRI;1
LAHUAYTAMBO;HUAROCHIRI;1
LANGA;HUAROCHIRI;1
MARIATANA;HUAROCHIRI;1
MATUCANA;HUAROCHIRI;1
RICARDO PALMA;HUAROCHIRI;1
SAN ANDRES DE TUPICOCHA;HUAROCHIRI;1
SAN ANTONIO;HUAROCHIRI;1
SAN BARTOLOME;HUAROCHIRI;1
SAN DAMIAN;HUAROCHIRI;1
SAN JUAN DE IRIS;HUAROCHIRI;1
SAN JUAN DE TANTARANCHE;HUAROCHIRI;1
SAN LORENZO DE QUINTI;HUAROCHIRI;1
SAN MATEO;HUAROCHIRI;1
SAN MATEO DE OTAO;HUAROCHIRI;1
SAN PEDRO DE CASTA;HUAROCHIRI;1
SAN PEDRO DE HUANCAYRE;HUAROCHIRI;1
SAN PEDRO DE LARAOS;HUAROCHIRI;1
SANGALLAYA;HUAROCHIRI;1
SANTA CRUZ DE COCACHACRA;HUAROCHIRI;1
SANTA EULALIA;HUAROCHIRI;1
SANTIAGO DE ANCHUCAYA;HUAROCHIRI;1
SANTIAGO DE TUNA;HUAROCHIRI;1
SANTO DOMINGO DE LOS OLLEROS;HUAROCHIRI;1
SURCO;HUAROCHIRI;1
AMBAR;HUAURA;1
CALETA DE CARQUIN;HUAURA;1
CHECRAS;HUAURA;1
HUACHO;HUAURA;1
HUALMAY;HUAURA;1
HUAURA;HUAURA;1
PACCHO;HUAURA;1
SANTA LEONOR;HUAURA;1
SANTA MARIA;HUAURA;1
SAYAN;HUAURA;1
VEGUETA;HUAURA;1
CARAZ;HUAYLAS;1
HUALLANCA;HUAYLAS;1
HUATA;HUAYLAS;1
HUAYLAS;HUAYLAS;1
MATO;HUAYLAS;1
PAMPAROMAS;HUAYLAS;1
PUEBLO LIBRE;HUAYLAS;1
SANTA CRUZ;HUAYLAS;1
SANTO TORIBIO;HUAYLAS;1
YURACMARCA;HUAYLAS;1
AYAVI;HUAYTARA;1
CORDOVA;HUAYTARA;1
HUAYACUNDO ARMA;HUAYTARA;1
HUAYTARA;HUAYTARA;1
LARAMARCA;HUAYTARA;1
OCOYO;HUAYTARA;1
PILPICHACA;HUAYTARA;1
QUERCO;HUAYTARA;1
QUITO-ARMA;HUAYTARA;1
SAN ANTONIO DE CUSICANCHA;HUAYTARA;1
SAN FRANCISCO DE SANGAYAICO;HUAYTARA;1
SAN ISIDRO;HUAYTARA;1
SANTIAGO DE CHOCORVOS;HUAYTARA;1
SANTIAGO DE QUIRAHUARA;HUAYTARA;1
SANTO DOMINGO DE CAPILLAS;HUAYTARA;1
TAMBO;HUAYTARA;1
LA TINGUI??;ICA;1
LOS AQUIJES;ICA;1
OCUCAJE;ICA;1
PACHACUTEC;ICA;1
PARCONA;ICA;1
PUEBLO NUEVO;ICA;1
SALAS;ICA;1
SAN JOSE DE LOS MOLINOS;ICA;1
SAN JUAN BAUTISTA;ICA;1
SANTIAGO;ICA;1
SUBTANJALLA;ICA;1
TATE;ICA;1
YAUCA DEL ROSARIO;ICA;1
EL ALGARROBAL;ILO;1
ILO;ILO;1
PACOCHA;ILO;1
COCACHACRA;ISLAY;1
DEAN VALDIVIA;ISLAY;1
ISLAY;ISLAY;1
MEJIA;ISLAY;1
MOLLENDO;ISLAY;1
PUNTA DE BOMBON;ISLAY;1
CHONTALI;JAEN;1
COLASAY;JAEN;1
HUABAL;JAEN;1
JAEN;JAEN;1
LAS PIRIAS;JAEN;1
POMAHUACA;JAEN;1
PUCARA;JAEN;1
SALLIQUE;JAEN;1
SAN FELIPE;JAEN;1
SANTA ROSA;JAEN;1
ACOLLA;JAUJA;1
APATA;JAUJA;1
ATAURA;JAUJA;1
CANCHAYLLO;JAUJA;1
CURICACA;JAUJA;1
EL MANTARO;JAUJA;1
HUAMALI;JAUJA;1
HUARIPAMPA;JAUJA;1
HUERTAS;JAUJA;1
JANJAILLO;JAUJA;1
JAUJA;JAUJA;1
JULCAN;JAUJA;1
LEONOR ORDO???;JAUJA;1
LLOCLLAPAMPA;JAUJA;1
MARCO;JAUJA;1
MASMA;JAUJA;1
MASMA CHICCHE;JAUJA;1
MONOBAMBA;JAUJA;1
MUQUI;JAUJA;1
MUQUIYAUYO;JAUJA;1
PACA;JAUJA;1
PACCHA;JAUJA;1
PANCAN;JAUJA;1
PARCO;JAUJA;1
POMACANCHA;JAUJA;1
RICRAN;JAUJA;1
SAN LORENZO;JAUJA;1
SAN PEDRO DE CHUNAN;JAUJA;1
SAUSA;JAUJA;1
SINCOS;JAUJA;1
TUNAN MARCA;JAUJA;1
YAULI;JAUJA;1
YAUYOS;JAUJA;1
ILABAYA;JORGE BASADRE;1
ITE;JORGE BASADRE;1
LOCUMBA;JORGE BASADRE;1
CALAMARCA;JULCAN;1
CARABAMBA;JULCAN;1
HUASO;JULCAN;1
JULCAN;JULCAN;1
CARHUAMAYO;JUNIN;1
JUNIN;JUNIN;1
ONDORES;JUNIN;1
ULCUMAYO;JUNIN;1
ECHARATE;LA CONVENCION;1
HUAYOPATA;LA CONVENCION;1
INKAWASI;LA CONVENCION;1
KIMBIRI;LA CONVENCION;1
MARANURA;LA CONVENCION;1
MEGANTONI;LA CONVENCION;1
OCOBAMBA;LA CONVENCION;1
PICHARI;LA CONVENCION;1
QUELLOUNO;LA CONVENCION;1
SANTA ANA;LA CONVENCION;1
SANTA TERESA;LA CONVENCION;1
VILCABAMBA;LA CONVENCION;1
VILLA KINTIARINA;LA CONVENCION;1
VILLA VIRGEN;LA CONVENCION;1
ANCHIHUAY;LA MAR;1
ANCO;LA MAR;1
AYNA;LA MAR;1
CHILCAS;LA MAR;1
CHUNGUI;LA MAR;1
LUIS CARRANZA;LA MAR;1
NINABAMBA;LA MAR;1
ORONCCOY;LA MAR;1
RIO MAGDALENA;LA MAR;1
SAMUGARI;LA MAR;1
SAN MIGUEL;LA MAR;1
SANTA ROSA;LA MAR;1
TAMBO;LA MAR;1
UNI???N PROGRE;LA MAR;1
ALCA;LA UNION;1
CHARCANA;LA UNION;1
HUAYNACOTAS;LA UNION;1
PAMPAMARCA;LA UNION;1
PUYCA;LA UNION;1
QUECHUALLA;LA UNION;1
SAYLA;LA UNION;1
TAURIA;LA UNION;1
TOMEPAMPA;LA UNION;1
TORO;LA UNION;1
ALONSO DE ALVARADO;LAMAS;1
BARRANQUITA;LAMAS;1
CAYNARACHI;LAMAS;1
CU???UMBUQ;LAMAS;1
LAMAS;LAMAS;1
PINTO RECODO;LAMAS;1
RUMISAPA;LAMAS;1
SAN ROQUE DE CUMBAZA;LAMAS;1
SHANAO;LAMAS;1
TABALOSOS;LAMAS;1
ZAPATERO;LAMAS;1
CHOCHOPE;LAMBAYEQUE;1
ILLIMO;LAMBAYEQUE;1
JAYANCA;LAMBAYEQUE;1
LAMBAYEQUE;LAMBAYEQUE;1
MOCHUMI;LAMBAYEQUE;1
OLMOS;LAMBAYEQUE;1
PACORA;LAMBAYEQUE;1
SALAS;LAMBAYEQUE;1
SAN JOSE;LAMBAYEQUE;1
CABANILLA;LAMPA;1
CALAPUJA;LAMPA;1
LAMPA;LAMPA;1
OCUVIRI;LAMPA;1
PALCA;LAMPA;1
PARATIA;LAMPA;1
PUCARA;LAMPA;1
SANTA LUCIA;LAMPA;1
JESUS;LAURICOCHA;1
JIVIA;LAURICOCHA;1
QUEROPALCA;LAURICOCHA;1
RONDOS;LAURICOCHA;1
SAN FRANCISCO DE ASIS;LAURICOCHA;1
SAN MIGUEL DE CAURI;LAURICOCHA;1
CASTILLO GRANDE;LEONCIO PRADO;1
DANIEL ALOMIA ROBLES;LEONCIO PRADO;1
HERMILIO VALDIZAN;LEONCIO PRADO;1
JOSE CRESPO Y CASTILLO;LEONCIO PRADO;1
LUYANDO;LEONCIO PRADO;1
MARIANO DAMASO BERAUN;LEONCIO PRADO;1
PUCAYACU;LEONCIO PRADO;1
PUEBLO NUEVO;LEONCIO PRADO;1
RUPA-RUPA;LEONCIO PRADO;1
SANTO DOMINGO DE ANDA;LEONCIO PRADO;1
BRE??;LIMA;1
CHORRILLOS;LIMA;1
CIENEGUILLA;LIMA;1
COMAS;LIMA;1
EL AGUSTINO;LIMA;1
INDEPENDENCIA;LIMA;1
JESUS MARIA;LIMA;1
LA MOLINA;LIMA;1
LA VICTORIA;LIMA;1
LIMA;LIMA;1
LINCE;LIMA;1
LOS OLIVOS;LIMA;1
LURIN;LIMA;1
MIRAFLORES;LIMA;1
PACHACAMAC;LIMA;1
PUCUSANA;LIMA;1
PUEBLO LIBRE;LIMA;1
PUENTE PIEDRA;LIMA;1
PUNTA NEGRA;LIMA;1
SAN BARTOLO;LIMA;1
SAN BORJA;LIMA;1
SAN ISIDRO;LIMA;1
SAN JUAN DE LURIGANCHO;LIMA;1
SAN LUIS;LIMA;1
SAN MIGUEL;LIMA;1
SANTA ANITA;LIMA;1
SANTA ROSA;LIMA;1
SURQUILLO;LIMA;1
VILLA MARIA DEL TRIUNFO;LIMA;1
NAUTA;LORETO;1
PARINARI;LORETO;1
TIGRE;LORETO;1
TROMPETEROS;LORETO;1
URARINAS;LORETO;1
AUCARA;LUCANAS;1
CABANA;LUCANAS;1
CARMEN SALCEDO;LUCANAS;1
CHAVI??;LUCANAS;1
CHIPAO;LUCANAS;1
HUAC-HUAS;LUCANAS;1
LARAMATE;LUCANAS;1
LEONCIO PRADO;LUCANAS;1
LLAUTA;LUCANAS;1
LUCANAS;LUCANAS;1
OCA??;LUCANAS;1
OTOCA;LUCANAS;1
PUQUIO;LUCANAS;1
SAISA;LUCANAS;1
SAN CRISTOBAL;LUCANAS;1
SAN JUAN;LUCANAS;1
SAN PEDRO;LUCANAS;1
SAN PEDRO DE PALCO;LUCANAS;1
SANCOS;LUCANAS;1
SANTA ANA DE HUAYCAHUACHO;LUCANAS;1
SANTA LUCIA;LUCANAS;1
CAMPORREDONDO;LUYA;1
COCABAMBA;LUYA;1
COLCAMAR;LUYA;1
CONILA;LUYA;1
INGUILPATA;LUYA;1
LAMUD;LUYA;1
LONGUITA;LUYA;1
LONYA CHICO;LUYA;1
LUYA;LUYA;1
LUYA VIEJO;LUYA;1
MARIA;LUYA;1
OCALLI;LUYA;1
OCUMAL;LUYA;1
PISUQUIA;LUYA;1
PROVIDENCIA;LUYA;1
SAN CRISTOBAL;LUYA;1
SAN FRANCISCO DEL YESO;LUYA;1
SAN JERONIMO;LUYA;1
SAN JUAN DE LOPECANCHA;LUYA;1
SANTA CATALINA;LUYA;1
SANTO TOMAS;LUYA;1
TINGO;LUYA;1
TRITA;LUYA;1
FITZCARRALD;MANU;1
HUEPETUHE;MANU;1
MADRE DE DIOS;MANU;1
MANU;MANU;1
CHOLON;MARA???;1
HUACRACHUCO;MARA???;1
LA MORADA;MARA???;1
SAN BUENAVENTURA;MARA???;1
SANTA ROSA DE ALTO YANAJANCA;MARA???;1
CAMPANILLA;MARISCAL CACERES;1
HUICUNGO;MARISCAL CACERES;1
JUANJUI;MARISCAL CACERES;1
PACHIZA;MARISCAL CACERES;1
PAJARILLO;MARISCAL CACERES;1
CASCA;MARISCAL LUZURIAGA;1
ELEAZAR GUZMAN BARRON;MARISCAL LUZURIAGA;1
FIDEL OLIVAS ESCUDERO;MARISCAL LUZURIAGA;1
LLAMA;MARISCAL LUZURIAGA;1
LLUMPA;MARISCAL LUZURIAGA;1
LUCMA;MARISCAL LUZURIAGA;1
MUSGA;MARISCAL LUZURIAGA;1
PISCOBAMBA;MARISCAL LUZURIAGA;1
CARUMAS;MARISCAL NIETO;1
CUCHUMBAYA;MARISCAL NIETO;1
MOQUEGUA;MARISCAL NIETO;1
SAMEGUA;MARISCAL NIETO;1
SAN ANTONIO;MARISCAL NIETO;1
SAN CRISTOBAL;MARISCAL NIETO;1
TORATA;MARISCAL NIETO;1
PEBAS;MARISCAL RAMON CASTILLA;1
RAMON CASTILLA;MARISCAL RAMON CASTILLA;1
SAN PABLO;MARISCAL RAMON CASTILLA;1
YAVARI;MARISCAL RAMON CASTILLA;1
ALTO NANAY;MAYNAS;1
BELEN;MAYNAS;1
FERNANDO LORES;MAYNAS;1
INDIANA;MAYNAS;1
IQUITOS;MAYNAS;1
LAS AMAZONAS;MAYNAS;1
MAZAN;MAYNAS;1
NAPO;MAYNAS;1
PUNCHANA;MAYNAS;1
SAN JUAN BAUTISTA;MAYNAS;1
TORRES CAUSANA;MAYNAS;1
ANTAUTA;MELGAR;1
AYAVIRI;MELGAR;1
CUPI;MELGAR;1
LLALLI;MELGAR;1
MACARI;MELGAR;1
NU???;MELGAR;1
ORURILLO;MELGAR;1
SANTA ROSA;MELGAR;1
UMACHIRI;MELGAR;1
CONIMA;MOHO;1
MOHO;MOHO;1
TILALI;MOHO;1
BUENOS AIRES;MORROPON;1
CHALACO;MORROPON;1
CHULUCANAS;MORROPON;1
LA MATANZA;MORROPON;1
MORROPON;MORROPON;1
SALITRAL;MORROPON;1
SAN JUAN DE BIGOTE;MORROPON;1
SANTA CATALINA DE MOSSA;MORROPON;1
SANTO DOMINGO;MORROPON;1
YAMANGO;MORROPON;1
CALZADA;MOYOBAMBA;1
HABANA;MOYOBAMBA;1
JEPELACIO;MOYOBAMBA;1
MOYOBAMBA;MOYOBAMBA;1
SORITOR;MOYOBAMBA;1
YANTALO;MOYOBAMBA;1
CHANGUILLO;NASCA;1
EL INGENIO;NASCA;1
MARCONA;NASCA;1
NASCA;NASCA;1
VISTA ALEGRE;NASCA;1
ACAS;OCROS;1
CAJAMARQUILLA;OCROS;1
CARHUAPAMPA;OCROS;1
COCHAS;OCROS;1
CONGAS;OCROS;1
LLIPA;OCROS;1
OCROS;OCROS;1
SAN CRISTOBAL DE RAJAN;OCROS;1
SAN PEDRO;OCROS;1
SANTIAGO DE CHILCAS;OCROS;1
AGALLPAMPA;OTUZCO;1
CHARAT;OTUZCO;1
HUARANCHAL;OTUZCO;1
LA CUESTA;OTUZCO;1
MACHE;OTUZCO;1
OTUZCO;OTUZCO;1
PARANDAY;OTUZCO;1
SALPO;OTUZCO;1
SINSICAP;OTUZCO;1
USQUIL;OTUZCO;1
CHONTABAMBA;OXAPAMPA;1
CONSTITUCION;OXAPAMPA;1
HUANCABAMBA;OXAPAMPA;1
OXAPAMPA;OXAPAMPA;1
PALCAZU;OXAPAMPA;1
POZUZO;OXAPAMPA;1
PUERTO BERMUDEZ;OXAPAMPA;1
VILLA RICA;OXAPAMPA;1
ANDAJES;OYON;1
CAUJUL;OYON;1
COCHAMARCA;OYON;1
NAVAN;OYON;1
OYON;OYON;1
PACHANGARA;OYON;1
GUADALUPE;PACASMAYO;1
JEQUETEPEQUE;PACASMAYO;1
PACASMAYO;PACASMAYO;1
SAN JOSE;PACASMAYO;1
SAN PEDRO DE LLOC;PACASMAYO;1
CHAGLLA;PACHITEA;1
MOLINO;PACHITEA;1
PANAO;PACHITEA;1
UMARI;PACHITEA;1
BOQUERON;PADRE ABAD;1
CURIMANA;PADRE ABAD;1
HUIPOCA;PADRE ABAD;1
IRAZOLA;PADRE ABAD;1
NESHUYA;PADRE ABAD;1
PADRE ABAD;PADRE ABAD;1
ARENAL;PAITA;1
LA HUACA;PAITA;1
TAMARINDO;PAITA;1
VICHAYAL;PAITA;1
BOLOGNESI;PALLASCA;1
CABANA;PALLASCA;1
HUACASCHUQUE;PALLASCA;1
HUANDOVAL;PALLASCA;1
LACABAMBA;PALLASCA;1
LLAPO;PALLASCA;1
PALLASCA;PALLASCA;1
SANTA ROSA;PALLASCA;1
TAUCA;PALLASCA;1
LLIPATA;PALPA;1
PALPA;PALPA;1
RIO GRANDE;PALPA;1
SANTA CRUZ;PALPA;1
TIBILLO;PALPA;1
CHUMPI;PARINACOCHAS;1
CORACORA;PARINACOCHAS;1
CORONEL CASTA???E;PARINACOCHAS;1
PACAPAUSA;PARINACOCHAS;1
PULLO;PARINACOCHAS;1
PUYUSCA;PARINACOCHAS;1
SAN FRANCISCO DE RAVACAYCO;PARINACOCHAS;1
UPAHUACHO;PARINACOCHAS;1
ACCHA;PARURO;1
CCAPI;PARURO;1
COLCHA;PARURO;1
HUANOQUITE;PARURO;1
OMACHA;PARURO;1
PACCARITAMBO;PARURO;1
PARURO;PARURO;1
PILLPINTO;PARURO;1
YAURISQUE;PARURO;1
CHAUPIMARCA;PASCO;1
HUACHON;PASCO;1
HUARIACA;PASCO;1
HUAYLLAY;PASCO;1
NINACACA;PASCO;1
PALLANCHACRA;PASCO;1
PAUCARTAMBO;PASCO;1
SIMON BOLIVAR;PASCO;1
TICLACAYAN;PASCO;1
TINYAHUARCO;PASCO;1
VICCO;PASCO;1
YANACANCHA;PASCO;1
BULDIBUYO;PATAZ;1
CHILLIA;PATAZ;1
HUANCASPATA;PATAZ;1
HUAYLILLAS;PATAZ;1
HUAYO;PATAZ;1
ONGON;PATAZ;1
PARCOY;PATAZ;1
PATAZ;PATAZ;1
PIAS;PATAZ;1
SANTIAGO DE CHALLAS;PATAZ;1
TAURIJA;PATAZ;1
TAYABAMBA;PATAZ;1
URPAY;PATAZ;1
COLTA;PAUCAR DEL SARA SARA;1
CORCULLA;PAUCAR DEL SARA SARA;1
LAMPA;PAUCAR DEL SARA SARA;1
MARCABAMBA;PAUCAR DEL SARA SARA;1
OYOLO;PAUCAR DEL SARA SARA;1
PARARCA;PAUCAR DEL SARA SARA;1
PAUSA;PAUCAR DEL SARA SARA;1
SAN JAVIER DE ALPABAMBA;PAUCAR DEL SARA SARA;1
SAN JOSE DE USHUA;PAUCAR DEL SARA SARA;1
SARA SARA;PAUCAR DEL SARA SARA;1
CAICAY;PAUCARTAMBO;1
CHALLABAMBA;PAUCARTAMBO;1
COLQUEPATA;PAUCARTAMBO;1
HUANCARANI;PAUCARTAMBO;1
KOS???IPA;PAUCARTAMBO;1
PAUCARTAMBO;PAUCARTAMBO;1
BUENOS AIRES;PICOTA;1
CASPISAPA;PICOTA;1
PICOTA;PICOTA;1
PILLUANA;PICOTA;1
PUCACACA;PICOTA;1
SAN CRISTOBAL;PICOTA;1
SAN HILARION;PICOTA;1
SHAMBOYACU;PICOTA;1
TINGO DE PONASA;PICOTA;1
TRES UNIDOS;PICOTA;1
HUANCANO;PISCO;1
HUMAY;PISCO;1
INDEPENDENCIA;PISCO;1
PARACAS;PISCO;1
PISCO;PISCO;1
SAN ANDRES;PISCO;1
SAN CLEMENTE;PISCO;1
TUPAC AMARU INCA;PISCO;1
CASTILLA;PIURA;1
CATACAOS;PIURA;1
CURA MORI;PIURA;1
EL TALLAN;PIURA;1
LA ARENA;PIURA;1
LA UNION;PIURA;1
LAS LOMAS;PIURA;1
PIURA;PIURA;1
TAMBO GRANDE;PIURA;1
VEINTISEIS DE OCTUBRE;PIURA;1
HUAYLLAN;POMABAMBA;1
PAROBAMBA;POMABAMBA;1
POMABAMBA;POMABAMBA;1
QUINUABAMBA;POMABAMBA;1
CODO DEL POZUZO;PUERTO INCA;1
HONORIA;PUERTO INCA;1
PUERTO INCA;PUERTO INCA;1
TOURNAVISTA;PUERTO INCA;1
YUYAPICHIS;PUERTO INCA;1
ACORA;PUNO;1
AMANTANI;PUNO;1
ATUNCOLLA;PUNO;1
CAPACHICA;PUNO;1
COATA;PUNO;1
HUATA;PUNO;1
MA???A;PUNO;1
PAUCARCOLLA;PUNO;1
PICHACANI;PUNO;1
PLATERIA;PUNO;1
PUNO;PUNO;1
SAN ANTONIO;PUNO;1
TIQUILLACA;PUNO;1
VILQUE;PUNO;1
PURUS;PURUS;1
PUTUMAYO;PUTUMAYO;1
ROSA PANDURO;PUTUMAYO;1
TENIENTE MANUEL CLAVERO;PUTUMAYO;1
YAGUAS;PUTUMAYO;1
ANDAHUAYLILLAS;QUISPICANCHI;1
CAMANTI;QUISPICANCHI;1
CCARHUAYO;QUISPICANCHI;1
CCATCA;QUISPICANCHI;1
CUSIPATA;QUISPICANCHI;1
HUARO;QUISPICANCHI;1
LUCRE;QUISPICANCHI;1
MARCAPATA;QUISPICANCHI;1
OCONGATE;QUISPICANCHI;1
OROPESA;QUISPICANCHI;1
QUIQUIJANA;QUISPICANCHI;1
CATAC;RECUAY;1
COTAPARACO;RECUAY;1
HUAYLLAPAMPA;RECUAY;1
LLACLLIN;RECUAY;1
MARCA;RECUAY;1
PAMPAS CHICO;RECUAY;1
PARARIN;RECUAY;1
RECUAY;RECUAY;1
TAPACOCHA;RECUAY;1
TICAPAMPA;RECUAY;1
ALTO TAPICHE;REQUENA;1
CAPELO;REQUENA;1
EMILIO SAN MARTIN;REQUENA;1
JENARO HERRERA;REQUENA;1
MAQUIA;REQUENA;1
PUINAHUA;REQUENA;1
REQUENA;REQUENA;1
SAQUENA;REQUENA;1
SOPLIN;REQUENA;1
YAQUERANA;REQUENA;1
AWAJUN;RIOJA;1
ELIAS SOPLIN VARGAS;RIOJA;1
NUEVA CAJAMARCA;RIOJA;1
PARDO MIGUEL;RIOJA;1
POSIC;RIOJA;1
RIOJA;RIOJA;1
SAN FERNANDO;RIOJA;1
YORONGOS;RIOJA;1
YURACYACU;RIOJA;1
CHIRIMOTO;RODRIGUEZ DE MENDOZA;1
COCHAMAL;RODRIGUEZ DE MENDOZA;1
HUAMBO;RODRIGUEZ DE MENDOZA;1
LIMABAMBA;RODRIGUEZ DE MENDOZA;1
LONGAR;RODRIGUEZ DE MENDOZA;1
MARISCAL BENAVIDES;RODRIGUEZ DE MENDOZA;1
MILPUC;RODRIGUEZ DE MENDOZA;1
OMIA;RODRIGUEZ DE MENDOZA;1
SAN NICOLAS;RODRIGUEZ DE MENDOZA;1
SANTA ROSA;RODRIGUEZ DE MENDOZA;1
TOTORA;RODRIGUEZ DE MENDOZA;1
VISTA ALEGRE;RODRIGUEZ DE MENDOZA;1
ANANEA;SAN ANTONIO DE PUTINA;1
PEDRO VILCA APAZA;SAN ANTONIO DE PUTINA;1
PUTINA;SAN ANTONIO DE PUTINA;1
SINA;SAN ANTONIO DE PUTINA;1
CHIRINOS;SAN IGNACIO;1
HUARANGO;SAN IGNACIO;1
LA COIPA;SAN IGNACIO;1
NAMBALLE;SAN IGNACIO;1
SAN IGNACIO;SAN IGNACIO;1
SAN JOSE DE LOURDES;SAN IGNACIO;1
TABACONAS;SAN IGNACIO;1
CHANCAY;SAN MARCOS;1
EDUARDO VILLANUEVA;SAN MARCOS;1
GREGORIO PITA;SAN MARCOS;1
ICHOCAN;SAN MARCOS;1
JOSE MANUEL QUIROZ;SAN MARCOS;1
JOSE SABOGAL;SAN MARCOS;1
PEDRO GALVEZ;SAN MARCOS;1
ALBERTO LEVEAU;SAN MARTIN;1
CACATACHI;SAN MARTIN;1
CHAZUTA;SAN MARTIN;1
CHIPURANA;SAN MARTIN;1
EL PORVENIR;SAN MARTIN;1
JUAN GUERRA;SAN MARTIN;1
LA BANDA DE SHILCAYO;SAN MARTIN;1
MORALES;SAN MARTIN;1
PAPAPLAYA;SAN MARTIN;1
SAN ANTONIO;SAN MARTIN;1
SAUCE;SAN MARTIN;1
SHAPAJA;SAN MARTIN;1
TARAPOTO;SAN MARTIN;1
BOLIVAR;SAN MIGUEL;1
CALQUIS;SAN MIGUEL;1
CATILLUC;SAN MIGUEL;1
EL PRADO;SAN MIGUEL;1
LA FLORIDA;SAN MIGUEL;1
LLAPA;SAN MIGUEL;1
NANCHOC;SAN MIGUEL;1
NIEPOS;SAN MIGUEL;1
SAN GREGORIO;SAN MIGUEL;1
SAN MIGUEL;SAN MIGUEL;1
SAN SILVESTRE DE COCHAN;SAN MIGUEL;1
TONGOD;SAN MIGUEL;1
UNION AGUA BLANCA;SAN MIGUEL;1
SAN BERNARDINO;SAN PABLO;1
SAN LUIS;SAN PABLO;1
SAN PABLO;SAN PABLO;1
TUMBADEN;SAN PABLO;1
CABANA;SAN ROMAN;1
CABANILLAS;SAN ROMAN;1
CARACOTO;SAN ROMAN;1
JULIACA;SAN ROMAN;1
SAN MIGUEL;SAN ROMAN;1
CHUGAY;SANCHEZ CARRION;1
COCHORCO;SANCHEZ CARRION;1
CURGOS;SANCHEZ CARRION;1
HUAMACHUCO;SANCHEZ CARRION;1
MARCABAL;SANCHEZ CARRION;1
SANAGORAN;SANCHEZ CARRION;1
SARIN;SANCHEZ CARRION;1
SARTIMBAMBA;SANCHEZ CARRION;1
ALTO INAMBARI;SANDIA;1
CUYOCUYO;SANDIA;1
LIMBANI;SANDIA;1
PATAMBUCO;SANDIA;1
PHARA;SANDIA;1
QUIACA;SANDIA;1
SAN JUAN DEL ORO;SANDIA;1
SAN PEDRO DE PUTINA PUNCO;SANDIA;1
SANDIA;SANDIA;1
YANAHUAYA;SANDIA;1
CACERES DEL PERU;SANTA;1
CHIMBOTE;SANTA;1
COISHCO;SANTA;1
MACATE;SANTA;1
MORO;SANTA;1
NEPE??;SANTA;1
SAMANCO;SANTA;1
SANTA;SANTA;1
ANDABAMBA;SANTA CRUZ;1
CATACHE;SANTA CRUZ;1
CHANCAYBA???;SANTA CRUZ;1
LA ESPERANZA;SANTA CRUZ;1
NINABAMBA;SANTA CRUZ;1
PULAN;SANTA CRUZ;1
SANTA CRUZ;SANTA CRUZ;1
SAUCEPAMPA;SANTA CRUZ;1
SEXI;SANTA CRUZ;1
UTICYACU;SANTA CRUZ;1
YAUYUCAN;SANTA CRUZ;1
ANGASMARCA;SANTIAGO DE CHUCO;1
CACHICADAN;SANTIAGO DE CHUCO;1
MOLLEBAMBA;SANTIAGO DE CHUCO;1
MOLLEPATA;SANTIAGO DE CHUCO;1
QUIRUVILCA;SANTIAGO DE CHUCO;1
SANTA CRUZ DE CHUCA;SANTIAGO DE CHUCO;1
SANTIAGO DE CHUCO;SANTIAGO DE CHUCO;1
SITABAMBA;SANTIAGO DE CHUCO;1
COVIRIALI;SATIPO;1
LLAYLLA;SATIPO;1
MAZAMARI;SATIPO;1
PAMPA HERMOSA;SATIPO;1
PANGOA;SATIPO;1
RIO NEGRO;SATIPO;1
RIO TAMBO;SATIPO;1
SATIPO;SATIPO;1
VIZCATAN DEL ENE;SATIPO;1
BELLAVISTA DE LA UNION;SECHURA;1
BERNAL;SECHURA;1
CRISTO NOS VALGA;SECHURA;1
RINCONADA LLICUAR;SECHURA;1
SECHURA;SECHURA;1
VICE;SECHURA;1
ALFONSO UGARTE;SIHUAS;1
CHINGALPO;SIHUAS;1
HUAYLLABAMBA;SIHUAS;1
QUICHES;SIHUAS;1
RAGASH;SIHUAS;1
SAN JUAN;SIHUAS;1
SICSIBAMBA;SIHUAS;1
SIHUAS;SIHUAS;1
BELEN;SUCRE;1
CHALCOS;SUCRE;1
CHILCAYOC;SUCRE;1
HUACA??;SUCRE;1
MORCOLLA;SUCRE;1
PAICO;SUCRE;1
QUEROBAMBA;SUCRE;1
SAN PEDRO DE LARCAY;SUCRE;1
SAN SALVADOR DE QUIJE;SUCRE;1
SANTIAGO DE PAUCARAY;SUCRE;1
SORAS;SUCRE;1
BELLAVISTA;SULLANA;1
IGNACIO ESCUDERO;SULLANA;1
LANCONES;SULLANA;1
MARCAVELICA;SULLANA;1
MIGUEL CHECA;SULLANA;1
QUERECOTILLO;SULLANA;1
SALITRAL;SULLANA;1
SULLANA;SULLANA;1
ALTO DE LA ALIANZA;TACNA;1
CALANA;TACNA;1
CIUDAD NUEVA;TACNA;1
CORONEL GREGORIO ALBARRACIN LANCHIPA;TACNA;1
INCLAN;TACNA;1
PACHIA;TACNA;1
PALCA;TACNA;1
POCOLLAY;TACNA;1
SAMA;TACNA;1
TACNA;TACNA;1
I???APA;TAHUAMANU;1
IBERIA;TAHUAMANU;1
TAHUAMANU;TAHUAMANU;1
EL ALTO;TALARA;1
LA BREA;TALARA;1
LOBITOS;TALARA;1
LOS ORGANOS;TALARA;1
MANCORA;TALARA;1
PARI???;TALARA;1
INAMBARI;TAMBOPATA;1
LABERINTO;TAMBOPATA;1
LAS PIEDRAS;TAMBOPATA;1
TAMBOPATA;TAMBOPATA;1
ESTIQUE;TARATA;1
ESTIQUE-PAMPA;TARATA;1
HEROES ALBARRACIN;TARATA;1
SITAJARA;TARATA;1
SUSAPAYA;TARATA;1
TARATA;TARATA;1
TARUCACHI;TARATA;1
TICACO;TARATA;1
ACOBAMBA;TARMA;1
HUARICOLCA;TARMA;1
LA UNION;TARMA;1
PALCA;TARMA;1
PALCAMAYO;TARMA;1
SAN PEDRO DE CAJAS;TARMA;1
TAPO;TARMA;1
TARMA;TARMA;1
ACOSTAMBO;TAYACAJA;1
ACRAQUIA;TAYACAJA;1
AHUAYCHA;TAYACAJA;1
AHUIMPUQUIO;TAYACAJA;1
ANDAYMARCA;TAYACAJA;1
COLCABAMBA;TAYACAJA;1
DANIEL HERNANDEZ;TAYACAJA;1
HUACHOCOLPA;TAYACAJA;1
HUARIBAMBA;TAYACAJA;1
LAMBRAS;TAYACAJA;1
PAMPAS;TAYACAJA;1
PAZOS;TAYACAJA;1
PICHOS;TAYACAJA;1
QUICHUAS;TAYACAJA;1
QUISHUAR;TAYACAJA;1
ROBLE;TAYACAJA;1
SALCABAMBA;TAYACAJA;1
SALCAHUASI;TAYACAJA;1
SAN MARCOS DE ROCCHAC;TAYACAJA;1
SANTIAGO DE TUCUMA;TAYACAJA;1
SURCUBAMBA;TAYACAJA;1
TINTAY PUNCU;TAYACAJA;1
NUEVO PROGRESO;TOCACHE;1
POLVORA;TOCACHE;1
SANTA LUCIA;TOCACHE;1
SHUNTE;TOCACHE;1
UCHIZA;TOCACHE;1
EL PORVENIR;TRUJILLO;1
FLORENCIA DE MORA;TRUJILLO;1
HUANCHACO;TRUJILLO;1
LAREDO;TRUJILLO;1
MOCHE;TRUJILLO;1
POROTO;TRUJILLO;1
SALAVERRY;TRUJILLO;1
SIMBAL;TRUJILLO;1
TRUJILLO;TRUJILLO;1
VICTOR LARCO HERRERA;TRUJILLO;1
CORRALES;TUMBES;1
LA CRUZ;TUMBES;1
PAMPAS DE HOSPITAL;TUMBES;1
SAN JACINTO;TUMBES;1
SAN JUAN DE LA VIRGEN;TUMBES;1
TUMBES;TUMBES;1
CONTAMANA;UCAYALI;1
INAHUAYA;UCAYALI;1
PADRE MARQUEZ;UCAYALI;1
PAMPA HERMOSA;UCAYALI;1
SARAYACU;UCAYALI;1
VARGAS GUERRA;UCAYALI;1
CHINCHERO;URUBAMBA;1
HUAYLLABAMBA;URUBAMBA;1
MARAS;URUBAMBA;1
OLLANTAYTAMBO;URUBAMBA;1
URUBAMBA;URUBAMBA;1
YUCAY;URUBAMBA;1
BAGUA GRANDE;UTCUBAMBA;1
CAJARURO;UTCUBAMBA;1
CUMBA;UTCUBAMBA;1
EL MILAGRO;UTCUBAMBA;1
LONYA GRANDE;UTCUBAMBA;1
YAMON;UTCUBAMBA;1
ALCAMENCA;VICTOR FAJARDO;1
APONGO;VICTOR FAJARDO;1
ASQUIPATA;VICTOR FAJARDO;1
CANARIA;VICTOR FAJARDO;1
CAYARA;VICTOR FAJARDO;1
COLCA;VICTOR FAJARDO;1
HUAMANQUIQUIA;VICTOR FAJARDO;1
HUANCAPI;VICTOR FAJARDO;1
HUANCARAYLLA;VICTOR FAJARDO;1
HUAYA;VICTOR FAJARDO;1
SARHUA;VICTOR FAJARDO;1
VILCANCHOS;VICTOR FAJARDO;1
ACCOMARCA;VILCAS HUAMAN;1
CARHUANCA;VILCAS HUAMAN;1
CONCEPCION;VILCAS HUAMAN;1
HUAMBALPA;VILCAS HUAMAN;1
INDEPENDENCIA;VILCAS HUAMAN;1
SAURAMA;VILCAS HUAMAN;1
VILCAS HUAMAN;VILCAS HUAMAN;1
VISCHONGO;VILCAS HUAMAN;1
CHAO;VIRU;1
GUADALUPITO;VIRU;1
VIRU;VIRU;1
APARICIO POMARES;YAROWILCA;1
CAHUAC;YAROWILCA;1
CHACABAMBA;YAROWILCA;1
CHAVINILLO;YAROWILCA;1
CHORAS;YAROWILCA;1
JACAS CHICO;YAROWILCA;1
OBAS;YAROWILCA;1
PAMPAMARCA;YAROWILCA;1
CHACAPALPA;YAULI;1
HUAY-HUAY;YAULI;1
MARCAPOMACOCHA;YAULI;1
MOROCOCHA;YAULI;1
PACCHA;YAULI;1
SANTA BARBARA DE CARHUACAYAN;YAULI;1
SANTA ROSA DE SACCO;YAULI;1
SUITUCANCHA;YAULI;1
YAULI;YAULI;1
ALIS;YAUYOS;1
ALLAUCA;YAUYOS;1
AYAVIRI;YAUYOS;1
AZANGARO;YAUYOS;1
CACRA;YAUYOS;1
CARANIA;YAUYOS;1
CATAHUASI;YAUYOS;1
CHOCOS;YAUYOS;1
COCHAS;YAUYOS;1
COLONIA;YAUYOS;1
HONGOS;YAUYOS;1
HUA???;YAUYOS;1
HUAMPARA;YAUYOS;1
HUANCAYA;YAUYOS;1
HUANGASCAR;YAUYOS;1
HUANTAN;YAUYOS;1
LARAOS;YAUYOS;1
LINCHA;YAUYOS;1
MADEAN;YAUYOS;1
MIRAFLORES;YAUYOS;1
OMAS;YAUYOS;1
PUTINZA;YAUYOS;1
QUINCHES;YAUYOS;1
QUINOCAY;YAUYOS;1
SAN JOAQUIN;YAUYOS;1
SAN PEDRO DE PILAS;YAUYOS;1
TANTA;YAUYOS;1
TAURIPAMPA;YAUYOS;1
TOMAS;YAUYOS;1
TUPE;YAUYOS;1
VI???;YAUYOS;1
VITIS;YAUYOS;1
YAUYOS;YAUYOS;1
CASCAPARA;YUNGAY;1
MANCOS;YUNGAY;1
MATACOTO;YUNGAY;1
RANRAHIRCA;YUNGAY;1
SHUPLUY;YUNGAY;1
YANAMA;YUNGAY;1
YUNGAY;YUNGAY;1
ANAPIA;YUNGUYO;1
COPANI;YUNGUYO;1
CUTURAPI;YUNGUYO;1
OLLARAYA;YUNGUYO;1
TINICACHI;YUNGUYO;1
UNICACHI;YUNGUYO;1
AGUAS VERDES;ZARUMILLA;1
MATAPALO;ZARUMILLA;1
PAPAYAL;ZARUMILLA;1
ZARUMILLA;ZARUMILLA;1
